{"name":"t:sections.footer.name","type":"footer","sections":{"footer":{"type":"footer","blocks":{"8f39b468-fea3-48e2-a0d5-b902433d7da0":{"type":"text","settings":{"heading":"CORPORATE OFFICE","subtext":"<p>Haldirams Snacks pvt. ltd<\/p><p>97 Green Lane<\/p><p>London,<\/p><p>NW34 2ZV<\/p>"}},"cc0e5e7c-00f5-4328-9a0a-d818c3ad2875":{"type":"link_list","settings":{"heading":"Menu","menu":"footer"}},"9fbf0143-3a39-4cad-807f-547a59224a61":{"type":"link_list","settings":{"heading":"Support","menu":"footer"}},"925e0d3e-b412-4c3b-8faa-5a0c506b5da6":{"type":"link_list","settings":{"heading":"Corporate","menu":"footer"}},"e97faad0-067c-4cec-a346-7febe37ef03d":{"type":"link_list","settings":{"heading":"Policies","menu":"footer"}},"ed79d794-13d8-42a3-8336-79c13bbc04eb":{"type":"link_list","settings":{"heading":"Follow Us","menu":"footer"}}},"block_order":["8f39b468-fea3-48e2-a0d5-b902433d7da0","cc0e5e7c-00f5-4328-9a0a-d818c3ad2875","9fbf0143-3a39-4cad-807f-547a59224a61","925e0d3e-b412-4c3b-8faa-5a0c506b5da6","e97faad0-067c-4cec-a346-7febe37ef03d","ed79d794-13d8-42a3-8336-79c13bbc04eb"],"settings":{"color_scheme":"background-1","newsletter_enable":false,"newsletter_heading":"Subscribe to our emails","enable_follow_on_shop":false,"show_social":true,"enable_country_selector":true,"enable_language_selector":true,"payment_enable":true,"show_policy":false,"margin_top":48,"padding_top":36,"padding_bottom":36}}},"order":["footer"]}