{"name":"t:sections.header.name","type":"header","sections":{"d61ac250-cc82-4d9b-8cdf-30e79f97688a":{"type":"top-bar","settings":{"marquee":"Satisfy your cravings for delicious Indian snacks with Haldiram's all time popular picks. Get 10% off and free delivery on orders above £35.","email":"mailto:support@haldiramuk.com","bulk":"shopify:\/\/pages\/contact","bulk-lab":"Bulk Order"}},"header":{"type":"header","settings":{"email":"Support@haldiramuk.com","bulk-lab":"Bulk Order","bulk":"mailto:Support@haldiramuk.com","color_scheme":"background-1","logo_position":"middle-left","menu":"main-menu","menusec":"secondary-offers","menu_type_desktop":"dropdown","sticky_header_type":"always","show_line_separator":true,"mobile_logo_position":"center","margin_bottom":0,"padding_top":20,"padding_bottom":20,"mob-logo":"shopify:\/\/shop_images\/Frame_40276.svg"}},"faq_QGPHHC":{"type":"Faq","disabled":true,"settings":{}},"newarrival_EKn8T7":{"type":"newarrival","disabled":true,"settings":{"title":"Current Job Openings","sub-title":"","link-collection":""}}},"order":["d61ac250-cc82-4d9b-8cdf-30e79f97688a","header","faq_QGPHHC","newarrival_EKn8T7"]}