{"sections":{"0da67ed8-f366-40c5-932d-d7ad6adf8f1a":{"type":"collection-banner","settings":{"def-img":"shopify:\/\/shop_images\/1920x508.webp","mobile_banner":"shopify:\/\/shop_images\/600x640.webp"}},"515fce8d-e8d4-4416-9013-3eec90a4f4eb":{"type":"custom-liquid","settings":{"custom_liquid":"<div class=\"bread-crumb-col\" id=\"pr-scroll\">\n<a href=\"\/\">Home<\/a><span>\/<\/span><p>{{collection.title}}<\/p>\n<\/div>","color_scheme":"background-1","padding_top":40,"padding_bottom":52}},"banner":{"type":"main-collection-banner","disabled":true,"settings":{"show_collection_description":false,"show_collection_image":false,"color_scheme":"background-1"}},"product-grid":{"type":"main-collection-product-grid","settings":{"products_per_page":24,"columns_desktop":4,"image_ratio":"adapt","show_secondary_image":false,"show_vendor":false,"show_rating":false,"enable_quick_add":false,"enable_filtering":false,"filter_type":"horizontal","enable_sorting":true,"columns_mobile":"2","padding_top":36,"padding_bottom":36}},"b85869fb-f4c4-4918-85cd-41e6faa9a2b1":{"type":"discoverrange","blocks":{"c09336fb-9d91-4cd0-8541-c34a4725d2f5":{"type":"text","disabled":true,"settings":{"image":"shopify:\/\/shop_images\/Tin-sweets.jpg","link":"shopify:\/\/collections\/tin-sweets"}},"7405e245-a42d-49bc-9e31-ed7e71744df1":{"type":"text","settings":{"image":"shopify:\/\/shop_images\/Namkeen_aa597ca5-39d9-43d3-831b-5e6e290da915.jpg","link":"shopify:\/\/collections\/namkeen"}},"3c73cdff-2a51-4b3c-81f9-94e7c5e172fd":{"type":"text","settings":{"image":"shopify:\/\/shop_images\/Ambient-Sweets_2fa260c5-82a8-4ed8-b886-138f6ea5e9d9.jpg","link":"shopify:\/\/collections\/ambient-sweets"}},"433f313f-ac1f-4591-a44d-946872b03528":{"type":"text","settings":{"image":"shopify:\/\/shop_images\/Tea-snacks_9d955d0d-f2b6-45ec-98db-38f29dda1ae5.jpg","link":"shopify:\/\/collections\/tea-snacks"}},"7d72672a-64c3-42e3-bfd8-130e8aed440b":{"type":"text","disabled":true,"settings":{"image":"shopify:\/\/shop_images\/Instant-mixes.jpg","link":"shopify:\/\/collections\/instant-mixes"}},"text_nnNDGf":{"type":"text","settings":{"image":"shopify:\/\/shop_images\/Gluten-Range.webp","link":"shopify:\/\/collections\/gluten-free-range"}},"5a21fa1e-8329-4aa8-8c76-46440aa54331":{"type":"text","settings":{"image":"shopify:\/\/shop_images\/Ready-to-eat_4471dd5a-cd33-499d-97b1-97fac44e4504.jpg","link":"shopify:\/\/collections\/ready-to-eat"}},"dc86ee37-fc0d-4895-8032-0a7b86ac06ec":{"type":"text","disabled":true,"settings":{"image":"shopify:\/\/shop_images\/Quick-Meals_7cd161cf-00cb-4af0-bc1a-9eb15ed7d977.jpg","link":"shopify:\/\/collections\/quick-meals"}}},"block_order":["c09336fb-9d91-4cd0-8541-c34a4725d2f5","7405e245-a42d-49bc-9e31-ed7e71744df1","3c73cdff-2a51-4b3c-81f9-94e7c5e172fd","433f313f-ac1f-4591-a44d-946872b03528","7d72672a-64c3-42e3-bfd8-130e8aed440b","text_nnNDGf","5a21fa1e-8329-4aa8-8c76-46440aa54331","dc86ee37-fc0d-4895-8032-0a7b86ac06ec"],"settings":{"heading":"Discover Our\nComplete Range","content":"<p>Indulge in our range of mouth-watering treats.<\/p>","background":"#922637"}}},"order":["0da67ed8-f366-40c5-932d-d7ad6adf8f1a","515fce8d-e8d4-4416-9013-3eec90a4f4eb","banner","product-grid","b85869fb-f4c4-4918-85cd-41e6faa9a2b1"]}