{"sections":{"banner":{"type":"main-collection-banner","disabled":true,"settings":{"show_collection_description":false,"show_collection_image":false,"color_scheme":"background-1"}},"product-grid":{"type":"main-collection-product-grid","disabled":true,"settings":{"products_per_page":24,"columns_desktop":4,"image_ratio":"adapt","show_secondary_image":false,"show_vendor":false,"show_rating":false,"enable_quick_add":true,"enable_filtering":false,"filter_type":"horizontal","enable_sorting":true,"columns_mobile":"2","padding_top":36,"padding_bottom":36}},"khaas_header_az3Efk":{"type":"khaas-header","settings":{"d_img":"shopify:\/\/shop_images\/Banner-Khaas-1.1_12b32a79-418a-45c6-8cbd-7dc68f5fb8c3.webp","m_img":"shopify:\/\/shop_images\/M-Banner-Khaas-1_1700a34b-f1bb-4ac3-b3e1-d133b9637a0b.webp"}},"khaas_collection_bundler_pWHjC9":{"type":"khaas-collection-bundler","settings":{"heading":"Explore our Haldiram Khaas Premium Bundles","content":"Indulge in the artistry of Haldiram's UK Khaas Collection. Every treat is a masterpiece, crafted with premium ingredients. Elevate your celebrations with this exquisite gifting option.","pack_six":"pack-of-6","pack_nine":"pack-of-9","pack_sixteen":"pack-of-16"}},"khaas_collection_slider_M3tCAE":{"type":"khaas-collection-slider","settings":{"heading":"Our Collection","content":"","collection_sel":"khaas"}},"khaas_ingredients_Y3d7NC":{"type":"khaas-ingredients","disabled":true,"settings":{"content":"Premium ingredients used, such as <span>saffron, pistachio, and hazelnut.<\/span> Include visuals and brief stories about sourcing these ingredients"}},"natural_ingredient_slider_hYeYcH":{"type":"natural-ingredient-slider","blocks":{"slide_dVMjRh":{"type":"slide","settings":{"ingredients":"shopify:\/\/shop_images\/Frame_40500.webp","product_name":"Saffron","description":"Each box in Haldiram's Khaas Collection is a taste of pure indulgence, crafted with premium ingredients and a touch of tradition, offering a luxurious experience in every bite.","product":"","sweets":"shopify:\/\/shop_images\/Saffron_baklava_modak.webp"}},"slide_MbyPCK":{"type":"slide","settings":{"ingredients":"shopify:\/\/shop_images\/Frame_40500.webp","product_name":"Hazelnut","description":"Each box in Haldiram's Khaas Collection is a taste of pure indulgence, crafted with premium ingredients and a touch of tradition, offering a luxurious experience in every bite.","product":"","sweets":"shopify:\/\/shop_images\/Hazelnut_crunch_marzipan.webp"}},"slide_RTptj9":{"type":"slide","settings":{"ingredients":"shopify:\/\/shop_images\/Frame_40500.webp","product_name":"Pistachio","description":"Each box in Haldiram's Khaas Collection is a taste of pure indulgence, crafted with premium ingredients and a touch of tradition, offering a luxurious experience in every bite.","product":"","sweets":"shopify:\/\/shop_images\/Pistachio_vanilla_marzipan.webp"}},"slide_cmdwAe":{"type":"slide","settings":{"ingredients":"shopify:\/\/shop_images\/Frame_40500.webp","product_name":"Truffle","description":"Each box in Haldiram's Khaas Collection is a taste of pure indulgence, crafted with premium ingredients and a touch of tradition, offering a luxurious experience in every bite.","product":"","sweets":"shopify:\/\/shop_images\/Milk_marzipan_rocher.webp"}},"slide_ryjyUT":{"type":"slide","settings":{"ingredients":"shopify:\/\/shop_images\/Frame_40500.webp","product_name":"Caramel","description":"Each box in Haldiram's Khaas Collection is a taste of pure indulgence, crafted with premium ingredients and a touch of tradition, offering a luxurious experience in every bite.","product":"","sweets":"shopify:\/\/shop_images\/Milk_choco_dip_marzipan.webp"}},"slide_BXJcMD":{"type":"slide","settings":{"ingredients":"shopify:\/\/shop_images\/Frame_40500.webp","product_name":"Blueberry","description":"Each box in Haldiram's Khaas Collection is a taste of pure indulgence, crafted with premium ingredients and a touch of tradition, offering a luxurious experience in every bite.","product":"","sweets":"shopify:\/\/shop_images\/Blueberry_cheese_marzipan.webp"}}},"block_order":["slide_dVMjRh","slide_MbyPCK","slide_RTptj9","slide_cmdwAe","slide_ryjyUT","slide_BXJcMD"],"disabled":true,"settings":{"heading":"Our Rare Natural Ingredients","subheading":"","content":"Each box in Haldiram's Khaas Collection is a taste of pure indulgence, crafted with premium ingredients and a touch of tradition, offering a luxurious experience in every bite."}},"khaas_video_image_KTzm3W":{"type":"khaas-video-image","disabled":true,"settings":{"subheading":"Traditional Sweets, Chocolates and Namkeens","heading":"Haldirams Khaas Special\nSweets Await You!","content":"It is a long established fact that a reader will be distracted by the readable content of a page when looking at its layout. The point of using Lorem Ipsum is that it has a more-or-less normal distribution of letters, as opposed to using 'Content here.","videoPoster":"shopify:\/\/shop_images\/764703b8aa6a401e8ec71950935e69dd_1.jpg","videosrc":""}}},"order":["banner","product-grid","khaas_header_az3Efk","khaas_collection_bundler_pWHjC9","khaas_collection_slider_M3tCAE","khaas_ingredients_Y3d7NC","natural_ingredient_slider_hYeYcH","khaas_video_image_KTzm3W"]}