{"sections":{"2fc655d1-0113-43f3-925d-a8d39b22d3fa":{"type":"slideshow-home","blocks":{"dd8f4bdd-5064-4f21-b7f1-0b89d2be5c18":{"type":"Slider","settings":{"img-d":"shopify:\/\/shop_images\/Home-page_1920x870_5e8e7bb8-879f-4e5e-9526-55ecedcc607b_1.webp","img-m":"shopify:\/\/shop_images\/600x380.webp","link":""}},"580f6b2e-ba11-4224-9376-b9f0bdf9d382":{"type":"Slider","settings":{"img-d":"shopify:\/\/shop_images\/FMCG-UK.webp","img-m":"shopify:\/\/shop_images\/FMCG-600x380.webp","link":""}},"slider_qap7nN":{"type":"Slider","disabled":true,"settings":{"img-d":"shopify:\/\/shop_images\/Banner_1920x870_fb7e069f-3142-4c0c-9594-13e0507372b8.webp","img-m":"shopify:\/\/shop_images\/Banner_600x380_e2f15092-d03d-4c36-848b-5943685cc987.webp","link":"shopify:\/\/collections\/world-cup"}}},"block_order":["dd8f4bdd-5064-4f21-b7f1-0b89d2be5c18","580f6b2e-ba11-4224-9376-b9f0bdf9d382","slider_qap7nN"],"settings":{"def-img":"shopify:\/\/shop_images\/Home-page_1920x870_5e8e7bb8-879f-4e5e-9526-55ecedcc607b.webp","autoplay":true}},"819e76c4-1590-4a6e-a2f7-a86cc1e49132":{"type":"history-haldiram","blocks":{"cfbbe762-6683-4491-981c-ea2f0c1026c5":{"type":"image","settings":{"img-one":"shopify:\/\/shop_images\/Frame_40309.svg","img-two":"shopify:\/\/shop_images\/Frame_40310.svg"}},"f3989b7f-6c2c-45bb-8e14-0fb92844b908":{"type":"image","settings":{"img-one":"shopify:\/\/shop_images\/Frame_40311.svg","img-two":"shopify:\/\/shop_images\/Frame_40312.svg"}}},"block_order":["cfbbe762-6683-4491-981c-ea2f0c1026c5","f3989b7f-6c2c-45bb-8e14-0fb92844b908"],"settings":{"his-img-m":"shopify:\/\/shop_images\/mobile_collage_bc754ee6-af6b-4ba2-9393-bff9d44f979a.webp","context":"Haldiram is a name associated with the finest and authentic Indian taste in Sweets and Namkeens. We started our journey in 1937 at Bikaner, Rajasthan and today have an outstanding presence in India and across the globe. All through the decades that we have been in the industry, we have won millions of hearts by serving rich variety.","hi-title":"Haldiram's has been delighting customers for more than 80 years with its genuine Indian snacks and sweets","urle":"shopify:\/\/pages\/about-us","labl":"Read More"}},"cb76b151-3cf7-4532-941a-98b3cc58b9b2":{"type":"product-slider","settings":{"bg-col":"#ffffff","head":"Popular Picks","sub-text":"Indulge in our popular picks, thoughtfully crafted to delight your taste buds and satisfy your cravings.","viewul":"","viewbtn":"View All","col":"popular-pick","custom-class":"popular-picks"}},"f0ea7c02-2622-4fd9-8fc4-cd07b1c533e2":{"type":"discoverrange","blocks":{"bbc138c0-8732-423b-82a8-ba6c626fdb1d":{"type":"text","settings":{"image":"shopify:\/\/shop_images\/Namkeen_aa597ca5-39d9-43d3-831b-5e6e290da915.webp","link":"shopify:\/\/collections\/namkeen"}},"c987e07f-7143-421e-aca3-e07fc97e14a8":{"type":"text","settings":{"image":"shopify:\/\/shop_images\/Ambient-Sweets_2fa260c5-82a8-4ed8-b886-138f6ea5e9d9.webp","link":"shopify:\/\/collections\/ambient-sweets"}},"32265a4b-ef2a-4ce5-86f3-510958ab1f02":{"type":"text","settings":{"image":"shopify:\/\/shop_images\/Tea-snacks_9d955d0d-f2b6-45ec-98db-38f29dda1ae5.webp","link":"shopify:\/\/collections\/tea-snacks"}},"text_wwXKif":{"type":"text","settings":{"image":"shopify:\/\/shop_images\/Gluten-Range.webp","link":"shopify:\/\/collections\/gluten-free-range"}},"b0e07f4d-9c4e-46cd-b44a-001eaa744309":{"type":"text","settings":{"image":"shopify:\/\/shop_images\/Ready-to-eat_3.webp","link":"shopify:\/\/collections\/ready-to-eat"}},"1c32813e-2f7c-4b66-b4ca-e2c95b48a289":{"type":"text","disabled":true,"settings":{"image":"shopify:\/\/shop_images\/Tin-sweets.webp","link":"shopify:\/\/collections\/tin-sweets"}},"90a123f7-b65f-4513-9f6c-4bbcccd92859":{"type":"text","disabled":true,"settings":{"image":"shopify:\/\/shop_images\/Instant-mixes.webp","link":"#"}},"0da01b30-891a-4c67-a78c-471c5b311db5":{"type":"text","disabled":true,"settings":{"image":"shopify:\/\/shop_images\/Quick-Meals_7cd161cf-00cb-4af0-bc1a-9eb15ed7d977.webp","link":"shopify:\/\/collections\/quick-meals"}}},"block_order":["bbc138c0-8732-423b-82a8-ba6c626fdb1d","c987e07f-7143-421e-aca3-e07fc97e14a8","32265a4b-ef2a-4ce5-86f3-510958ab1f02","text_wwXKif","b0e07f4d-9c4e-46cd-b44a-001eaa744309","1c32813e-2f7c-4b66-b4ca-e2c95b48a289","90a123f7-b65f-4513-9f6c-4bbcccd92859","0da01b30-891a-4c67-a78c-471c5b311db5"],"settings":{"heading":"Discover Our Complete Range","content":"<p>Our mouth-watering range of delicacies has something for every palate.<\/p>","background":"#922637"}},"ad6b7080-4d48-46c0-afc4-b000b4b05d55":{"type":"product-slider","settings":{"bg-col":"#fff1e6","head":"Hot deals","sub-text":"Discover our sizzling deals and make the most of them today.","viewul":"","viewbtn":"View All","col":"offers","custom-class":"hotdeals"}},"a19d2c51-b304-49ac-8a3e-3d1ab90114a0":{"type":"tempimg","disabled":true,"settings":{"ad-link":"shopify:\/\/products\/panipuri","d-img":"shopify:\/\/shop_images\/Pani-puri-offer.webp","m-img":"shopify:\/\/shop_images\/M-Pani-puri-offer.webp"}},"4f562254-5269-4287-b04a-6883f6a38d4f":{"type":"newarrival","settings":{"title":"New Arrival","sub-title":"Experience our latest and greatest offerings, and savour every delicious bite.","link-collection":"new-arrivals"}},"200248e6-e788-4668-a956-7d21c21f777e":{"type":"latest-blogs","settings":{"head":"Blog","subhead":"Taste the latest and greatest, check out our new arrivals.","view-all":"shopify:\/\/blogs\/blog","btn-label":"View All","blog-id":"blog"}}},"order":["2fc655d1-0113-43f3-925d-a8d39b22d3fa","819e76c4-1590-4a6e-a2f7-a86cc1e49132","cb76b151-3cf7-4532-941a-98b3cc58b9b2","f0ea7c02-2622-4fd9-8fc4-cd07b1c533e2","ad6b7080-4d48-46c0-afc4-b000b4b05d55","a19d2c51-b304-49ac-8a3e-3d1ab90114a0","4f562254-5269-4287-b04a-6883f6a38d4f","200248e6-e788-4668-a956-7d21c21f777e"]}