{"sections":{"main":{"type":"main-page","disabled":true,"settings":{"head-separator":false,"padding_top":28,"padding_bottom":28}},"1c1573d0-0f83-4caa-a5c3-2d5faa7fa15a":{"type":"offer-page","blocks":{"4345e4cf-7be1-478d-a5e8-9a12267eb139":{"type":"image","disabled":true,"settings":{"dimension":"half","ad_link":"","d-img":"shopify:\/\/shop_images\/South-Indian-delights.jpg"}},"37fd8509-5470-4416-ab5b-0425eddc5493":{"type":"image","disabled":true,"settings":{"dimension":"half","ad_link":"","d-img":"shopify:\/\/shop_images\/Ready-to-eat.jpg"}},"bd52a5c8-1dda-4b22-a732-9a0eb13a8297":{"type":"image","disabled":true,"settings":{"dimension":"full","ad_link":"shopify:\/\/collections\/sweets","d-img":"shopify:\/\/shop_images\/Offer-banner-1.0_1.jpg"}},"894f1e55-103d-4362-9a4b-c8584bc4d080":{"type":"image","settings":{"dimension":"full","ad_link":"shopify:\/\/collections\/savouries","d-img":"shopify:\/\/shop_images\/23-0356_Haldiram_Digital_756x520-2_px.jpg"}}},"block_order":["4345e4cf-7be1-478d-a5e8-9a12267eb139","37fd8509-5470-4416-ab5b-0425eddc5493","bd52a5c8-1dda-4b22-a732-9a0eb13a8297","894f1e55-103d-4362-9a4b-c8584bc4d080"],"settings":{"subhead":"Unbeatable deals, just a click away!"}}},"order":["main","1c1573d0-0f83-4caa-a5c3-2d5faa7fa15a"]}