{"sections":{"main":{"type":"main-page","disabled":true,"settings":{"head-separator":false,"padding_top":28,"padding_bottom":28}},"faq_YdfwCT":{"type":"Faq","blocks":{"text_4WDdH7":{"type":"text","settings":{"block-head":"Sales Executive – Midlands & North","faq-ques":"<p style=\"font-size: 16px; font-family: 'Coconat', sans-serif; display: flex; align-items: center; flex-wrap: wrap;\">\n  <img src=\"https:\/\/cdn.shopify.com\/s\/files\/1\/0733\/2279\/1190\/files\/map-pin.svg\" alt=\"Location Icon\" style=\"width: 16px; height: 16px; margin-right: 6px; vertical-align: middle;\">\n  Coventry CV5\n  <span class=\"separator\" style=\"margin: 0 10px; font-weight: bold;\">|<\/span>\n  <img src=\"https:\/\/cdn.shopify.com\/s\/files\/1\/0733\/2279\/1190\/files\/user.svg\" alt=\"User Icon\" style=\"width: 16px; height: 16px; margin-right: 6px; vertical-align: middle;\">\n  (Hybrid: Primarily Field-Based)\n<\/p>","faq-answer":"<p><b>Location:<\/b> Coventry CV5 (Hybrid: Primarily Field-Based)<\/p>\n<p><b>Salary:<\/b> Competitive salary + Car Allowance <\/p>\n<p><b>Start Date:<\/b> April 2025<\/p>\n\n<p><b>About the Role:<\/b><\/p>\n<p>Haldiram’s UK is looking for a Sales Executive to drive growth and expand our presence in the Midlands and North region. This is a market-facing role, requiring a hands-on professional who can develop strong relationships with distributors. The primary focus will be on increasing sales, expanding distribution, and ensuring strong brand visibility across all categories.<\/p>\n\n<p><b>Key Responsibilities:<\/b><\/p>\n<ul>\n    <li>Develop and maintain relationships with distributors to drive brand visibility and product range retention<\/li>\n    <li>Identify and convert new sales opportunities, growing our presence in the Ethnic and World Foods category<\/li>\n    <li>Increase sales by expanding product distribution and ensuring strong positioning within key retail and wholesale accounts<\/li>\n    <li>Build and maintain a strong distributor network to drive B2B & B2C growth<\/li>\n    <li>Provide market insights and competitor analysis to shape strategy<\/li>\n    <li>Ensure product placement and promotion to maximize retailer ROI<\/li>\n    <li>Travel across the Midlands & North to visit clients and drive sales<\/li>\n<\/ul>\n\n<p><b>What We’re Looking For:<\/b><\/p>\n<ul>\n    <li>5+ years of sales experience in FMCG, preferably in the Ethnic\/World Food category<\/li>\n    <li>Proven track record of increasing sales and managing accounts in a similar role<\/li>\n    <li>Strong B2B & B2C sales experience with a deep understanding of distributor networks<\/li>\n    <li>Excellent knowledge of the UK ethnic food market and key players in the industry<\/li>\n    <li>Highly motivated, self-starter with strong organizational skills<\/li>\n    <li>Ability to work independently and as part of a team<\/li>\n    <li>Strong communication, negotiation, and relationship-building skills<\/li>\n    <li>A full UK manual driving license (essential)<\/li>\n<\/ul>\n\n<p><b>What We Offer:<\/b><\/p>\n<ul>\n    <li>Competitive salary + Car Allowance<\/li>\n    <li>Predominantly field-based role<\/li>\n    <li>Opportunity to grow your career with a leading brand in ethnic foods<\/li>\n<\/ul>\n\n<p>If you have the experience and drive to increase sales and grow the business, we want to hear from you.<\/p>\n<p><b>Send an email to <a href=\"mailto:support@haldiramuk.com\">support@haldiramuk.com<\/a> to apply.<\/b><\/p>\n\n<!-- <div style=\"display: flex; justify-content: flex-end; margin-top: 20px;\">\n    <a href=\"mailto:support@haldiramuk.com\" style=\"background-color: #7F5B98; color: #ffffff; padding: 10px 20px; text-decoration: none; border-radius: 5px; display: inline-block;\">Apply Now<\/a>\n<\/div> -->"}}},"block_order":["text_4WDdH7"],"settings":{}}},"order":["main","faq_YdfwCT"]}