{"sections":{"main":{"type":"main-page","disabled":true,"settings":{"head-separator":false,"padding_top":36,"padding_bottom":36}},"form":{"type":"contact-form","settings":{"pge-title":"How can we help?","sub-title":"Talk to our support team – find out how we can help you. We'll be in touch shortly.","adhead":"CORPORATE OFFICE","add":"Haldiram Overseas Limited\n9C, Beaver Industrial Park, Brent Road, Southall, UB2 5FB, UK.","mapurl":"https:\/\/goo.gl\/maps\/rETLz7sZ1ZWMXuXbA","faq-link":"shopify:\/\/pages\/faqs","contatc-note":"Your personal information is only used for the purposes for which it was collected and is not shared\nwith any external parties without your explicit consent.","heading_size":"h1","color_scheme":"background-1","padding_top":36,"padding_bottom":36}}},"order":["main","form"]}