{"sections":{"main":{"type":"main-page","settings":{"head-separator":true,"padding_top":28,"padding_bottom":28}},"ae1f6fac-f121-4daf-b4f1-97b515b9dcb6":{"type":"about-us","disabled":true,"settings":{"title":"Know something about Haldiram","content":"Haldiram is a name associated with the finest and authentic Indian taste in Sweets and Namkeens. We started our journey in 1941 at Bikaner, Rajasthan and today have an outstanding presence in India and across the globe. All through the decades that we have been in the industry, we have won millions of hearts by serving a rich variety of sweets and namkeen snacks, all with flavors that food lovers can never forget!"}},"c3f1aeae-a984-4be1-b28e-28ec24c68658":{"type":"history-haldiram","blocks":{"0ae40915-5016-42b7-b902-a3b95d3ba12f":{"type":"image","disabled":true,"settings":{"img-one":"shopify:\/\/shop_images\/aboutus_collage.png","img-two":"shopify:\/\/shop_images\/Frame_40310.svg"}},"2246aa85-8e01-43be-a72e-0b72b455470c":{"type":"image","disabled":true,"settings":{"img-one":"shopify:\/\/shop_images\/Frame_40311.svg","img-two":"shopify:\/\/shop_images\/Frame_40312.svg"}}},"block_order":["0ae40915-5016-42b7-b902-a3b95d3ba12f","2246aa85-8e01-43be-a72e-0b72b455470c"],"settings":{"img-desk":"shopify:\/\/shop_images\/aboutus_collage.png","his-img-m":"shopify:\/\/shop_images\/aboutus_collage.png","context":"Haldiram is a name associated with the finest and authentic Indian taste in Sweets and Namkeens. We started our journey in 1937 at Bikaner, Rajasthan and today have an outstanding presence in India and across the globe. All through the decades that we have been in the industry, we have won millions of hearts by serving rich variety.","hi-title":"Haldiram's has been delighting customers for more than 80 years with its genuine Indian snacks and sweets","urle":"","labl":""}},"ec98524a-42cd-4db8-a562-6ab9d8b239c0":{"type":"milestone-presence","blocks":{"bde1b3fc-4a92-42ba-a576-3978026b80a8":{"type":"button","settings":{"idd":"Milestone"}},"f45c418a-4486-4ae7-8638-c50aa8ee34f4":{"type":"button","settings":{"idd":"Global Presence"}},"2c3c8d5e-be61-4515-8c0b-73ea50b02372":{"type":"button","settings":{"idd":"The Vision"}},"9d7b4a4f-26fd-44af-a283-439da979c711":{"type":"tab","settings":{"iddd":"Milestone","content":"Today, we have a widespread network of 100 C & F and 1000 distributors in India, with Haldiram Products being available in more than 7 million outlets. Our brand also establishes a presence in the hospitality industry, with a large number of restaurant outlets in the country. The story does not end here as we have a global presence as well. Today, we stand proud as the world’s No. 1 manufacturer and exporter of Indian best sweets and snacks."}},"67788006-4b49-4313-9fd9-089117ed02a4":{"type":"tab","settings":{"iddd":"Global Presence","content":"In order to serve the nation's foodies, we initially established a foothold outside in the USA by exporting a line of 15 savoury products. We now introduce our first production facility in the UK after an amazing run as an exporter in places like Canada, the U.K., Europe, Australia, New Zealand, the Far East, the Middle East, Moscow, Japan, Sri Lanka, Nepal, Thailand, etc. This facility, which is located Southall, London, promises to offer the greatest Indian sweets in the UK and EU together with authentic Indian flavours.\"The UK welcomed its first factory outside of India in 2016."}},"87165a40-3630-446b-95d5-37d2b33ad40d":{"type":"tab","settings":{"iddd":"The Vision","content":"The vision behind the initiative is to cater fresh sweets and snacks that are prepared using the highest-quality ingredients to people who appreciate the true taste of India, despite living thousands of miles away from the country. With a presence that promises to replicate the taste and trust that has become our legacy over the taste, Haldiram Overseas is all set to begin a new chapter in the history of our brand."}}},"block_order":["bde1b3fc-4a92-42ba-a576-3978026b80a8","f45c418a-4486-4ae7-8638-c50aa8ee34f4","2c3c8d5e-be61-4515-8c0b-73ea50b02372","9d7b4a4f-26fd-44af-a283-439da979c711","67788006-4b49-4313-9fd9-089117ed02a4","87165a40-3630-446b-95d5-37d2b33ad40d"],"settings":{}},"64167f5a-cac0-400e-9688-071016a66882":{"type":"about-full-width-image","disabled":true,"settings":{"d-img":"shopify:\/\/shop_images\/Rectangle_18912_7ed6857e-f447-4d63-9aad-41d863208847.jpg","m-img":"shopify:\/\/shop_images\/Rectangle_18912_1.jpg"}},"783f184e-3288-4dd5-a012-2aafc957c8a2":{"type":"the-vision","disabled":true,"settings":{"head":"The Vision","content":"The vision behind the initiative is to cater fresh sweets and snacks that are prepared using the highest-quality ingredients to people who appreciate the true taste of India, despite living thousands of miles away from the country. With a presence that promises to replicate the taste and trust that has become our legacy over the taste, Haldiram Overseas is all set to begin a new chapter in the history of our brand."}},"e6c18088-ea62-44a4-b699-91bb12c8a477":{"type":"milestone","blocks":{"3b1fe962-c251-4abb-bae9-8e25d1703b75":{"type":"image","settings":{"origin":"shopify:\/\/shop_images\/Bikaner.svg","title":"Bikaner <span>1937<\/span>","subtitle":"Haldiram's began as a tiny shop in Bikaner, in 1937."}},"05c52fa5-8fe9-4f95-aab2-69a49b6c727f":{"type":"image","settings":{"origin":"shopify:\/\/shop_images\/Delhi.svg","title":"Delhi <span>1983<\/span>","subtitle":"By 1982, Haldiram's had set up shop in Delhi and the capital had begun to stop by and take note of the savouries and sweets."}},"79727fee-d7e7-4cd7-9bc5-6a91da7099e5":{"type":"image","settings":{"origin":"shopify:\/\/shop_images\/USA_21028d5e-de83-41ce-80cf-73df02cec988.svg","title":"USA <span>1993<\/span>","subtitle":"In 1993, USA was the first market we started exporting to, thanks to the large Indian population there. We began with about 15 products, all savouries because they are a favoriteof Indians."}},"2ac10c7a-f25a-4ba4-b5f0-ed66221ed1a0":{"type":"image","settings":{"origin":"shopify:\/\/shop_images\/India_1_70ea5144-92ff-404a-ade0-43e0f6534495.svg","title":"First factory in UK","subtitle":"Haldiram's is the pioneer of branded packed traditional snacks. We established our first overseas factory in the UK in 2016."}}},"block_order":["3b1fe962-c251-4abb-bae9-8e25d1703b75","05c52fa5-8fe9-4f95-aab2-69a49b6c727f","79727fee-d7e7-4cd7-9bc5-6a91da7099e5","2ac10c7a-f25a-4ba4-b5f0-ed66221ed1a0"],"settings":{"locations":"<span>Bikaner, Rajasthan<\/span>\n<span>Kolkata, West Bengal<\/span>\n<span>Nagpur, Maharashtra<\/span>\n<span>Delhi, India<\/span>\n<span class=\"last\">UK<\/span>"}}},"order":["main","ae1f6fac-f121-4daf-b4f1-97b515b9dcb6","c3f1aeae-a984-4be1-b28e-28ec24c68658","ec98524a-42cd-4db8-a562-6ab9d8b239c0","64167f5a-cac0-400e-9688-071016a66882","783f184e-3288-4dd5-a012-2aafc957c8a2","e6c18088-ea62-44a4-b699-91bb12c8a477"]}