{"sections":{"main":{"type":"main-product","blocks":{"5693db3f-d0e9-47c8-bb4a-588f87c846af":{"type":"custom_liquid","settings":{"custom_liquid":"{% if collection.title != blank %}<div class=\"pdp-bread\">\n<a href=\"{{collection.url}}\">{{collection.title}}<\/a><span> \/ <\/span><p>{{ product.title }}<\/p>\n<\/div>{% endif %}"}},"title":{"type":"title","settings":{}},"price":{"type":"price","settings":{}},"custom_pickup_message":{"type":"custom_liquid","settings":{"custom_liquid":"{% if product.tags contains 'only-pickup' %}<div class=\"only-pickup-message\" style=\"padding:1rem; border:1px solid #ccc; background:#ffffff; margin-top:1rem;\">\n<strong style=\"color:#922637;\">Only available for in-store pickup.<\/strong><br><br>\nTo place an order or enquire about availability:<br>\n📧 Email us at <a href=\"mailto:support@haldiramuk.com\" style=\"color:#922637;\">support@haldiramuk.com<\/a><br>\n📞 Call us on <a href=\"tel:02085748021\" style=\"color:#922637;\">020 8574 8021<\/a>\n<\/div>{% endif %}"}},"variant_picker":{"type":"variant_picker","disabled":true,"settings":{"picker_type":"button"}},"quantity_selector":{"type":"quantity_selector","disabled":true,"settings":{}},"buy_buttons":{"type":"buy_buttons","disabled":true,"settings":{"show_dynamic_checkout":false}},"custom_liquid_W69gGm":{"type":"custom_liquid","disabled":true,"settings":{"custom_liquid":"{% if product and product.tags contains 'gifting' or product.tags contains 'khass' %}\n{% elsif product %}\n  <div class=\"exception-delivery-error\">\n    Express Shipping available Monday to Thursday until 5PM.\n  <\/div>\n{% endif %}"}},"custom_liquid_J8ptWb":{"type":"custom_liquid","disabled":true,"settings":{"custom_liquid":"{% if product and product.tags contains 'gifting' %}\n<div class=\"exception-delivery-error\">Please expect a slight delay in delivery.<\/div>{% endif %}"}},"share":{"type":"share","settings":{"share_label":"Share"}},"0efd7425-46e7-420f-8a35-145f58a2a0dc":{"type":"tabs","settings":{}}},"block_order":["5693db3f-d0e9-47c8-bb4a-588f87c846af","title","price","custom_pickup_message","variant_picker","quantity_selector","buy_buttons","custom_liquid_W69gGm","custom_liquid_J8ptWb","share","0efd7425-46e7-420f-8a35-145f58a2a0dc"],"settings":{"enable_sticky_info":false,"media_size":"medium","constrain_to_viewport":false,"media_fit":"contain","gallery_layout":"thumbnail_slider","media_position":"left","image_zoom":"none","mobile_thumbnails":"hide","hide_variants":true,"enable_video_looping":true,"padding_top":36,"padding_bottom":12}},"fd9cbed0-015d-4bc4-b73e-e745af12a2d1":{"type":"buyitwith","settings":{"heading":"Buy it with","buy":"offers"}},"related-products":{"type":"related-products","disabled":true,"settings":{"heading":"You may also like","sub":"Don't miss out on these sizzling deals, check them out now.","heading_size":"h2","products_to_show":4,"columns_desktop":4,"color_scheme":"background-1","image_ratio":"square","show_secondary_image":false,"show_vendor":false,"show_rating":false,"columns_mobile":"2","padding_top":36,"padding_bottom":28}},"bef5a213-89da-4aeb-98a5-afd536e54c9d":{"type":"product-slider","disabled":true,"settings":{"bg-col":"#fffdf9","head":"You may also Like","sub-text":"Don't miss out on these sizzling deals, check them out now.","viewul":"","viewbtn":"View All","col":"all","custom-class":"recommendation"}},"6c615dc4-a771-4009-85da-8ffdead38483":{"type":"pdp-recommendation","settings":{"bg-col":"#fffdf9","head":"You may also Like","sub-text":"Don't miss out on these sizzling deals, check them out now.","custom-class":"recommendation"}}},"order":["main","fd9cbed0-015d-4bc4-b73e-e745af12a2d1","related-products","bef5a213-89da-4aeb-98a5-afd536e54c9d","6c615dc4-a771-4009-85da-8ffdead38483"]}