{"current":{"show_notification":false,"link":"shopify:\/\/collections\/all","not_head":"","popup_content":"","imgpop":"shopify:\/\/shop_images\/Pride_Month_Website_Pop_Up_1.webp","festive_offer":"","logo":"shopify:\/\/shop_images\/haldiram.svg","logo_width":170,"favicon":"shopify:\/\/shop_images\/Favicon.svg","colors_solid_button_labels":"#ffffff","colors_accent_1":"#121212","gradient_accent_1":"","colors_accent_2":"#7f5b98","gradient_accent_2":"","colors_text":"#121212","colors_outline_button_labels":"#121212","colors_background_1":"#ffffff","gradient_background_1":"","colors_background_2":"#f9f4f5","gradient_background_2":"","type_header_font":"assistant_n4","heading_scale":100,"type_body_font":"assistant_n4","body_scale":100,"page_width":1400,"spacing_sections":0,"spacing_grid_horizontal":36,"spacing_grid_vertical":36,"buttons_border_thickness":1,"buttons_border_opacity":100,"buttons_radius":0,"buttons_shadow_opacity":0,"buttons_shadow_horizontal_offset":0,"buttons_shadow_vertical_offset":4,"buttons_shadow_blur":5,"variant_pills_border_thickness":1,"variant_pills_border_opacity":55,"variant_pills_radius":40,"variant_pills_shadow_opacity":0,"variant_pills_shadow_horizontal_offset":0,"variant_pills_shadow_vertical_offset":4,"variant_pills_shadow_blur":5,"inputs_border_thickness":1,"inputs_border_opacity":55,"inputs_radius":0,"inputs_shadow_opacity":0,"inputs_shadow_horizontal_offset":0,"inputs_shadow_vertical_offset":0,"inputs_shadow_blur":5,"card_style":"standard","card_image_padding":0,"card_text_alignment":"left","card_color_scheme":"background-2","card_border_thickness":0,"card_border_opacity":10,"card_corner_radius":0,"card_shadow_opacity":0,"card_shadow_horizontal_offset":0,"card_shadow_vertical_offset":4,"card_shadow_blur":5,"collection_card_style":"standard","collection_card_image_padding":0,"collection_card_text_alignment":"left","collection_card_color_scheme":"background-2","collection_card_border_thickness":0,"collection_card_border_opacity":10,"collection_card_corner_radius":0,"collection_card_shadow_opacity":0,"collection_card_shadow_horizontal_offset":0,"collection_card_shadow_vertical_offset":4,"collection_card_shadow_blur":5,"blog_card_style":"card","blog_card_image_padding":0,"blog_card_text_alignment":"left","blog_card_color_scheme":"background-2","blog_card_border_thickness":0,"blog_card_border_opacity":10,"blog_card_corner_radius":0,"blog_card_shadow_opacity":0,"blog_card_shadow_horizontal_offset":0,"blog_card_shadow_vertical_offset":4,"blog_card_shadow_blur":5,"text_boxes_border_thickness":0,"text_boxes_border_opacity":10,"text_boxes_radius":0,"text_boxes_shadow_opacity":25,"text_boxes_shadow_horizontal_offset":0,"text_boxes_shadow_vertical_offset":4,"text_boxes_shadow_blur":5,"media_border_thickness":1,"media_border_opacity":5,"media_radius":0,"media_shadow_opacity":0,"media_shadow_horizontal_offset":0,"media_shadow_vertical_offset":4,"media_shadow_blur":5,"popup_border_thickness":1,"popup_border_opacity":10,"popup_corner_radius":0,"popup_shadow_opacity":0,"popup_shadow_horizontal_offset":0,"popup_shadow_vertical_offset":4,"popup_shadow_blur":5,"drawer_border_thickness":1,"drawer_border_opacity":10,"drawer_shadow_opacity":0,"drawer_shadow_horizontal_offset":0,"drawer_shadow_vertical_offset":4,"drawer_shadow_blur":5,"badge_position":"bottom left","badge_corner_radius":40,"sale_badge_color_scheme":"accent-2","sold_out_badge_color_scheme":"inverse","accent_icons":"text","brand_headline":"","brand_description":"<p><\/p>","brand_image_width":100,"social_facebook_link":"","social_instagram_link":"","social_youtube_link":"","social_tiktok_link":"","social_twitter_link":"","social_snapchat_link":"","social_pinterest_link":"","social_tumblr_link":"","social_vimeo_link":"","predictive_search_enabled":true,"predictive_search_show_vendor":false,"predictive_search_show_price":false,"currency_code_enabled":true,"cart_type":"page","show_vendor":false,"show_cart_note":false,"cart_drawer_collection":"","checkout_logo_image":"shopify:\/\/shop_images\/haldiram.svg","checkout_logo_position":"left","checkout_logo_size":"large","checkout_input_background_color_mode":"white","checkout_accent_color":"#922637","checkout_button_color":"#7f5b98","sections":{"main-password-header":{"type":"main-password-header","settings":{"color_scheme":"background-1"}},"main-password-footer":{"type":"main-password-footer","settings":{"color_scheme":"background-1"}},"emailsignupfooter":{"type":"emailsignupfooter","settings":{"heading":"With Love, From Haldiram's","description":"<p>Subscribe to our newsletter for Haldiram’s offers. <\/p>"}},"footer-custom":{"type":"footer-custom","blocks":{"8e52b250-59f1-4ead-9c0d-32de755f1b80":{"type":"Menu","settings":{"show-social":false,"menu-title":"MENU","menu":"menu"}},"menu_Ey3yHJ":{"type":"Menu","disabled":true,"settings":{"show-social":false,"menu-title":"","menu":""}},"5be298bd-952b-4d63-b6cc-0584ce9b2dd2":{"type":"Menu","settings":{"show-social":false,"menu-title":"SUPPORT","menu":"support"}},"098616a6-c895-4127-9b95-ef606d5019b5":{"type":"Menu","settings":{"show-social":false,"menu-title":"CORPORATE","menu":"corporate"}},"7a8c903e-3524-4439-9a54-80e77479a057":{"type":"Menu","settings":{"show-social":true,"menu-title":"POLICIES","menu":"policies"}}},"block_order":["8e52b250-59f1-4ead-9c0d-32de755f1b80","menu_Ey3yHJ","5be298bd-952b-4d63-b6cc-0584ce9b2dd2","098616a6-c895-4127-9b95-ef606d5019b5","7a8c903e-3524-4439-9a54-80e77479a057"],"settings":{"fb_link":"https:\/\/www.facebook.com\/HaldiramsUK\/","insta_link":"https:\/\/www.instagram.com\/haldiramsuk\/","twitter_link":"","you_link":"https:\/\/www.youtube.com\/@haldiramsnacks","linkedin":"https:\/\/www.linkedin.com\/company\/haldiram-snacks-pvt.ltd.\/","logo":"shopify:\/\/shop_images\/Logo.svg","add":"Haldiram Overseas Limited\n9C,<br>Beaver Industrial Park,<br>\nBrent Road, Southall, UB2 5FB, UK."}},"gallery":{"type":"gallery","blocks":{"image_hHfm8G":{"type":"image","settings":{"image":"shopify:\/\/shop_images\/certificate_kesar_rasmalai_webp.webp","image_name":"Kesar Rasmalai"}},"image_xPzEGJ":{"type":"image","settings":{"image":"shopify:\/\/shop_images\/certificate_gulab_jamun_webp.webp","image_name":"Gulab Jamun"}},"image_6TCdjT":{"type":"image","settings":{"image":"shopify:\/\/shop_images\/certificate_kaju_katli_webp.webp","image_name":"Kaju Katli"}},"image_Dt947C":{"type":"image","settings":{"image":"shopify:\/\/shop_images\/certificate_habshi_halwa.webp","image_name":"Habshi Halwa"}}},"block_order":["image_hHfm8G","image_xPzEGJ","image_6TCdjT","image_Dt947C"],"settings":{"padding_top":30,"padding_bottom":30,"alignment":"center"}}},"content_for_index":[],"blocks":{"14198427981142892921":{"type":"shopify:\/\/apps\/wishlist-engine\/blocks\/app-embed\/8f7c0857-8e71-463d-a168-8e133094753b","disabled":false,"settings":{}}}},"presets":{"Default":{"logo_width":90,"colors_solid_button_labels":"#ffffff","colors_accent_1":"#121212","gradient_accent_1":"","colors_accent_2":"#334fb4","gradient_accent_2":"","colors_text":"#121212","colors_outline_button_labels":"#121212","colors_background_1":"#ffffff","gradient_background_1":"","colors_background_2":"#f3f3f3","gradient_background_2":"","type_header_font":"assistant_n4","heading_scale":100,"type_body_font":"assistant_n4","body_scale":100,"page_width":1200,"spacing_sections":0,"spacing_grid_horizontal":8,"spacing_grid_vertical":8,"buttons_border_thickness":1,"buttons_border_opacity":100,"buttons_radius":0,"buttons_shadow_opacity":0,"buttons_shadow_horizontal_offset":0,"buttons_shadow_vertical_offset":4,"buttons_shadow_blur":5,"variant_pills_border_thickness":1,"variant_pills_border_opacity":55,"variant_pills_radius":40,"variant_pills_shadow_opacity":0,"variant_pills_shadow_horizontal_offset":0,"variant_pills_shadow_vertical_offset":4,"variant_pills_shadow_blur":5,"inputs_border_thickness":1,"inputs_border_opacity":55,"inputs_radius":0,"inputs_shadow_opacity":0,"inputs_shadow_horizontal_offset":0,"inputs_shadow_vertical_offset":4,"inputs_shadow_blur":5,"card_style":"standard","card_image_padding":0,"card_text_alignment":"left","card_color_scheme":"background-2","card_border_thickness":0,"card_border_opacity":10,"card_corner_radius":0,"card_shadow_opacity":0,"card_shadow_horizontal_offset":0,"card_shadow_vertical_offset":4,"card_shadow_blur":5,"collection_card_style":"standard","collection_card_image_padding":0,"collection_card_text_alignment":"left","collection_card_color_scheme":"background-2","collection_card_border_thickness":0,"collection_card_border_opacity":10,"collection_card_corner_radius":0,"collection_card_shadow_opacity":0,"collection_card_shadow_horizontal_offset":0,"collection_card_shadow_vertical_offset":4,"collection_card_shadow_blur":5,"blog_card_style":"standard","blog_card_image_padding":0,"blog_card_text_alignment":"left","blog_card_color_scheme":"background-2","blog_card_border_thickness":0,"blog_card_border_opacity":10,"blog_card_corner_radius":0,"blog_card_shadow_opacity":0,"blog_card_shadow_horizontal_offset":0,"blog_card_shadow_vertical_offset":4,"blog_card_shadow_blur":5,"text_boxes_border_thickness":0,"text_boxes_border_opacity":10,"text_boxes_radius":0,"text_boxes_shadow_opacity":0,"text_boxes_shadow_horizontal_offset":0,"text_boxes_shadow_vertical_offset":4,"text_boxes_shadow_blur":5,"media_border_thickness":1,"media_border_opacity":5,"media_radius":0,"media_shadow_opacity":0,"media_shadow_horizontal_offset":0,"media_shadow_vertical_offset":4,"media_shadow_blur":5,"popup_border_thickness":1,"popup_border_opacity":10,"popup_corner_radius":0,"popup_shadow_opacity":0,"popup_shadow_horizontal_offset":0,"popup_shadow_vertical_offset":4,"popup_shadow_blur":5,"drawer_border_thickness":1,"drawer_border_opacity":10,"drawer_shadow_opacity":0,"drawer_shadow_horizontal_offset":0,"drawer_shadow_vertical_offset":4,"drawer_shadow_blur":5,"badge_position":"bottom left","badge_corner_radius":40,"sale_badge_color_scheme":"accent-2","sold_out_badge_color_scheme":"inverse","accent_icons":"text","brand_headline":"","brand_description":"<p><\/p>","brand_image_width":100,"social_twitter_link":"","social_facebook_link":"","social_pinterest_link":"","social_instagram_link":"","social_tiktok_link":"","social_tumblr_link":"","social_snapchat_link":"","social_youtube_link":"","social_vimeo_link":"","predictive_search_enabled":true,"predictive_search_show_vendor":false,"predictive_search_show_price":false,"currency_code_enabled":true,"cart_type":"notification","show_vendor":false,"show_cart_note":false,"cart_drawer_collection":"","sections":{"main-password-header":{"type":"main-password-header","settings":{"color_scheme":"background-1"}},"main-password-footer":{"type":"main-password-footer","settings":{"color_scheme":"background-1"}}}}},"platform_customizations":{"custom_css":[".order-advisory {max-width: 540px;}"]}}